{"stat.useItem.minecraft.command_block":30,"stat.useItem.minecraft.bow":508,"stat.useItem.minecraft.lapis_block":5,"stat.walkOneCm":162866,"stat.useItem.minecraft.sticky_piston":9,"stat.useItem.minecraft.quartz_block":156,"stat.playerKills":1,"stat.useItem.minecraft.lever":12,"stat.useItem.minecraft.repeater":191,"stat.leaveGame":10,"stat.useItem.minecraft.comparator":12,"stat.killEntity.Blaze":1,"stat.useItem.minecraft.diamond_sword":12,"stat.useItem.minecraft.glowstone":44,"stat.useItem.minecraft.bedrock":78,"stat.jump":393,"stat.useItem.minecraft.sand":2,"stat.fallOneCm":3199,"stat.useItem.minecraft.planks":145,"stat.useItem.minecraft.redstone":72,"stat.useItem.minecraft.item_frame":4,"stat.crouchOneCm":792,"stat.useItem.minecraft.written_book":29,"stat.useItem.minecraft.stained_hardened_clay":586,"stat.useItem.minecraft.stone_button":8,"stat.sprintOneCm":65527,"achievement.exploreAllBiomes":{"value":0,"progress":["The End"]},"stat.useItem.minecraft.glass":27,"stat.useItem.minecraft.redstone_lamp":9,"achievement.openInventory":169,"stat.damageTaken":23795,"stat.useItem.minecraft.wooden_button":7,"stat.mobKills":1,"stat.flyOneCm":817102,"stat.deaths":87,"stat.drop":3,"stat.useItem.minecraft.writable_book":13,"stat.playOneMinute":181182,"stat.damageDealt":1275,"stat.timeSinceDeath":212,"stat.useItem.minecraft.sign":6,"stat.useItem.minecraft.spawn_egg":2}