{"stat.useItem.minecraft.bow":1452,"stat.useItem.minecraft.lapis_block":5,"stat.useItem.minecraft.sticky_piston":9,"stat.useItem.minecraft.quartz_block":160,"stat.useItem.minecraft.repeater":221,"stat.leaveGame":28,"stat.killEntity.Blaze":1,"stat.useItem.minecraft.diamond_sword":15,"stat.useItem.minecraft.glowstone":77,"stat.useItem.minecraft.bedrock":121,"stat.jump":1712,"stat.useItem.minecraft.sand":2,"stat.fallOneCm":68829,"stat.useItem.minecraft.planks":158,"stat.crouchOneCm":18738,"stat.useItem.minecraft.redstone_torch":2,"stat.useItem.minecraft.stone_button":37,"achievement.exploreAllBiomes":{"value":0,"progress":["Desert","The End"]},"stat.useItem.minecraft.glass":27,"stat.useItem.minecraft.redstone_lamp":9,"stat.damageTaken":91192,"stat.useItem.minecraft.anvil":1,"stat.flyOneCm":1822663,"stat.damageDealt":1740,"stat.timeSinceDeath":210,"stat.useItem.minecraft.sign":27,"stat.useItem.minecraft.spawn_egg":12,"stat.useItem.minecraft.command_block":121,"stat.walkOneCm":736400,"stat.playerKills":4,"stat.useItem.minecraft.lever":17,"stat.useItem.minecraft.comparator":30,"stat.useItem.minecraft.redstone_block":31,"stat.useItem.minecraft.redstone":126,"stat.useItem.minecraft.item_frame":7,"stat.useItem.minecraft.milk_bucket":4,"stat.useItem.minecraft.written_book":44,"stat.useItem.minecraft.stained_hardened_clay":905,"stat.sprintOneCm":318722,"stat.useItem.minecraft.stone_slab":1,"achievement.openInventory":391,"stat.useItem.minecraft.wooden_button":7,"stat.mobKills":4,"stat.deaths":253,"stat.drop":139,"stat.useItem.minecraft.writable_book":29,"stat.playOneMinute":500432,"stat.useItem.minecraft.diamond_ore":2,"stat.killEntity.Zombie":1}