{"stat.useItem.minecraft.bow":1379,"stat.useItem.minecraft.lapis_block":5,"stat.useItem.minecraft.sticky_piston":9,"stat.useItem.minecraft.quartz_block":160,"stat.useItem.minecraft.repeater":219,"stat.leaveGame":26,"stat.killEntity.Blaze":1,"stat.useItem.minecraft.diamond_sword":12,"stat.useItem.minecraft.glowstone":72,"stat.useItem.minecraft.bedrock":121,"stat.jump":1597,"stat.useItem.minecraft.sand":2,"stat.fallOneCm":62428,"stat.useItem.minecraft.planks":154,"stat.crouchOneCm":18734,"stat.useItem.minecraft.redstone_torch":2,"stat.useItem.minecraft.stone_button":37,"achievement.exploreAllBiomes":{"value":0,"progress":["Desert","The End"]},"stat.useItem.minecraft.glass":27,"stat.useItem.minecraft.redstone_lamp":9,"stat.damageTaken":89042,"stat.useItem.minecraft.anvil":1,"stat.flyOneCm":1654065,"stat.damageDealt":1500,"stat.timeSinceDeath":215,"stat.useItem.minecraft.sign":21,"stat.useItem.minecraft.spawn_egg":11,"stat.useItem.minecraft.command_block":118,"stat.walkOneCm":699088,"stat.playerKills":4,"stat.useItem.minecraft.lever":15,"stat.useItem.minecraft.comparator":30,"stat.useItem.minecraft.redstone_block":31,"stat.useItem.minecraft.redstone":119,"stat.useItem.minecraft.item_frame":7,"stat.useItem.minecraft.milk_bucket":4,"stat.useItem.minecraft.written_book":44,"stat.useItem.minecraft.stained_hardened_clay":903,"stat.sprintOneCm":304036,"stat.useItem.minecraft.stone_slab":1,"achievement.openInventory":360,"stat.useItem.minecraft.wooden_button":7,"stat.mobKills":3,"stat.deaths":246,"stat.drop":139,"stat.useItem.minecraft.writable_book":29,"stat.playOneMinute":477755,"stat.useItem.minecraft.diamond_ore":2}