{"stat.useItem.minecraft.string":1,"stat.useItem.minecraft.sticky_piston":61,"stat.useItem.minecraft.repeater":12,"stat.leaveGame":6,"stat.useItem.minecraft.diamond_sword":62,"stat.jump":6164,"stat.swimOneCm":33413,"stat.fallOneCm":2674,"stat.crouchOneCm":3717,"stat.useItem.minecraft.redstone_torch":4,"stat.useItem.minecraft.obsidian":1,"stat.useItem.minecraft.dirt":117,"achievement.exploreAllBiomes":{"value":0,"progress":["Beach","ForestHills","Forest","River","Ocean","Plains","Deep Ocean"]},"stat.boatOneCm":57834,"stat.damageTaken":250,"stat.killEntity.Enderman":1,"stat.useItem.minecraft.slime":29,"stat.useItem.minecraft.anvil":2,"stat.flyOneCm":474917,"stat.damageDealt":6180,"stat.useItem.minecraft.snow_layer":11,"stat.timeSinceDeath":145500,"stat.useItem.minecraft.sign":11,"stat.useItem.minecraft.spawn_egg":37,"stat.useItem.minecraft.command_block":5,"stat.walkOneCm":1507033,"stat.useItem.minecraft.lever":8,"stat.useItem.minecraft.comparator":1,"stat.mineBlock.minecraft.double_plant":1,"stat.killEntity.Creeper":1,"stat.useItem.minecraft.redstone_block":23,"stat.useItem.minecraft.redstone":66,"stat.entityKilledBy.Skeleton":1,"stat.useItem.minecraft.written_book":15,"stat.useItem.minecraft.stained_hardened_clay":40,"stat.sprintOneCm":188025,"stat.useItem.minecraft.tallgrass":2,"stat.killEntity.Skeleton":1,"stat.useItem.minecraft.ice":7,"achievement.openInventory":91,"stat.mobKills":56,"stat.useItem.minecraft.boat":2,"stat.deaths":2,"stat.useItem.minecraft.writable_book":3,"stat.playOneMinute":169309,"stat.killEntity.Sheep":48,"stat.killEntity.Zombie":4,"stat.diveOneCm":26387}