{"stat.crouchOneCm":16804,"stat.killEntity.Sheep":182,"stat.useItem.minecraft.cobblestone":33,"stat.useItem.minecraft.sticky_piston":8,"stat.useItem.minecraft.stone_button":2,"achievement.exploreAllBiomes":{"value":0,"progress":["Plains"]},"stat.useItem.minecraft.log":4,"stat.useItem.minecraft.leaves":4,"stat.useItem.minecraft.tnt":111,"stat.useItem.minecraft.bedrock":10,"stat.useItem.minecraft.redstone_block":65,"stat.useItem.minecraft.command_block":116,"achievement.openInventory":142,"stat.damageDealt":16860,"stat.useItem.minecraft.brick_block":26,"stat.useItem.minecraft.iron_block":40,"stat.useItem.minecraft.planks":6,"stat.useItem.minecraft.noteblock":1,"stat.fallOneCm":5747,"stat.flyOneCm":1962700,"stat.useItem.minecraft.diamond_sword":172,"stat.useItem.minecraft.dispenser":1,"stat.useItem.minecraft.stone":703,"stat.useItem.minecraft.lapis_ore":1,"stat.useItem.minecraft.coal_ore":1,"stat.useItem.minecraft.sponge":2,"stat.useItem.minecraft.redstone":63,"stat.drop":8,"stat.damageTaken":2200,"stat.useItem.minecraft.repeater":22,"stat.useItem.minecraft.stone_pressure_plate":10,"stat.useItem.minecraft.iron_ore":1,"stat.leaveGame":34,"stat.useItem.minecraft.comparator":11,"stat.useItem.minecraft.gold_ore":1,"stat.useItem.minecraft.lever":2,"stat.useItem.minecraft.gold_block":1,"stat.useItem.minecraft.glass":15,"stat.useItem.minecraft.sand":7,"stat.timeSinceDeath":251895,"stat.useItem.minecraft.lapis_block":1,"stat.useItem.minecraft.gravel":1,"stat.playOneMinute":251895,"stat.useItem.minecraft.redstone_torch":23,"stat.useItem.minecraft.wool":17,"stat.jump":2169,"stat.useItem.minecraft.piston":4,"stat.mobKills":183,"stat.useItem.minecraft.spawn_egg":2,"stat.walkOneCm":2069685,"stat.useItem.minecraft.sign":7,"stat.useItem.minecraft.sandstone":3,"stat.sprintOneCm":559853,"stat.useItem.minecraft.dirt":133}