{"stat.flyOneCm":343442,"stat.walkOneCm":324713,"stat.jump":302,"stat.killEntity.EntityHorse":1,"stat.useItem.minecraft.chest":1,"stat.playOneMinute":26120,"achievement.openInventory":22,"stat.fallOneCm":211,"stat.horseOneCm":11597,"stat.useItem.minecraft.stone":92,"stat.leaveGame":1,"stat.useItem.minecraft.tnt":59,"stat.damageDealt":250,"stat.timeSinceDeath":26120,"stat.useItem.minecraft.dirt":2,"stat.sprintOneCm":127481,"stat.mobKills":1,"stat.useItem.minecraft.spawn_egg":4,"achievement.exploreAllBiomes":{"value":0,"progress":["Plains"]}}