{"stat.useItem.minecraft.dispenser":9,"stat.killEntity.Skeleton":1,"stat.walkOneCm":70436,"stat.useItem.minecraft.chest":2,"stat.useItem.minecraft.lever":17,"achievement.openInventory":56,"stat.useItem.minecraft.pumpkin":1,"stat.leaveGame":1,"stat.useItem.minecraft.iron_block":40,"stat.killEntity.Spider":1,"stat.useItem.minecraft.furnace":6,"stat.craftItem.minecraft.cooked_beef":19,"stat.mobKills":2,"stat.useItem.minecraft.diamond_sword":5,"stat.useItem.minecraft.anvil":43,"stat.flyOneCm":54427,"stat.useItem.minecraft.bedrock":7,"stat.jump":108,"stat.useItem.minecraft.iron_trapdoor":6,"stat.playOneMinute":62774,"stat.useItem.minecraft.planks":1,"stat.damageDealt":665,"stat.crouchOneCm":196,"stat.timeSinceDeath":62774,"stat.useItem.minecraft.dirt":4,"stat.sprintOneCm":6846,"achievement.exploreAllBiomes":{"value":0,"progress":["Roofed Forest","Plains"]},"stat.useItem.minecraft.iron_door":9}